,MAE,RMSE,R2
Linear Regression,2.6615656214210106,8.407006800007109,0.9996309979581599
Random Forest Regressor,3.9470502425833103,39.124813059667645,0.9920080911340589
